cdr3,v_gene,sample
CAWSRGGVTGELFF,TRBV30,Sample1
CASKPMVNEQFF,TRBV19,Sample1
CASSLGAGLQETQYF,TRBV13,Sample1
CASSLSSGSSYNEQFF,TRBV27,Sample1
CASNAGLRDTQYF,TRBV2,Sample1
CASSAGTVVGNTIYF,TRBV5-1,Sample1
CASSSRDRYHTF,TRBV19,Sample1
CASSLVQGGYEQYF,TRBV7-8,Sample1
CASSARLGQGETQYF,TRBV7-7,Sample2
CASSSGQGLSANEKLFF,TRBV5-4,Sample2
CASLATDSPLHF,TRBV6-1,Sample2
CASRIETGSGSYEQYF,TRBV27,Sample2
CASSPGAGQGYGYTF,TRBV7-3,Sample2
CASSPDQGARGYTF,TRBV18,Sample2
CAISELNGEQYF,TRBV10-3,Sample2
CASSSGTTFSYEQYF,TRBV7-8,Sample3
CASSTGQGERGYTF,TRBV5-6,Sample3
CASSPDTDTQYF,TRBV5-5,Sample3
CASSLGTGSPYGYTF,TRBV7-3,Sample3
CANPGDNYGYTF,TRBV9,Sample3
CASSITGDQPQHF,TRBV19,Sample3
